train_class,test_class,train_relative_path,test_relative_path,train_path,test_path,train_hash,test_hash,distance,same_class
Chloroplast,Chloroplast,Chloroplast/1.1_008_Chloroplast_6.tif,Chloroplast/1.1_009_Chloroplast_2.tif,/Users/jason/Desktop/OrganelleClassifyDataset/train/Chloroplast/1.1_008_Chloroplast_6.tif,/Users/jason/Desktop/OrganelleClassifyDataset/test/Chloroplast/1.1_009_Chloroplast_2.tif,f346c41d9b34652d,fb42c41d9b34652d,2,True
Nucleus,Nucleus,Nucleus/kw10-6--13000X--0122_Nucleus_1.tif,Nucleus/kw10-6--6800X--0006_Nucleus_1.tif,/Users/jason/Desktop/OrganelleClassifyDataset/train/Nucleus/kw10-6--13000X--0122_Nucleus_1.tif,/Users/jason/Desktop/OrganelleClassifyDataset/test/Nucleus/kw10-6--6800X--0006_Nucleus_1.tif,81c22eb53d12d97b,81622eb53d12d97b,2,True
Chloroplast,Chloroplast,Chloroplast/6gill_006_Chloroplast_2.tif,Chloroplast/1.1_009_Chloroplast_2.tif,/Users/jason/Desktop/OrganelleClassifyDataset/train/Chloroplast/6gill_006_Chloroplast_2.tif,/Users/jason/Desktop/OrganelleClassifyDataset/test/Chloroplast/1.1_009_Chloroplast_2.tif,fb42e41d9a348bb1,fb42c41d9b34652d,12,True
Chloroplast,Chloroplast,Chloroplast/LNWT_006_Chloroplast_2.tif,Chloroplast/309n_002_Chloroplast_1.tif,/Users/jason/Desktop/OrganelleClassifyDataset/train/Chloroplast/LNWT_006_Chloroplast_2.tif,/Users/jason/Desktop/OrganelleClassifyDataset/test/Chloroplast/309n_002_Chloroplast_1.tif,af42b6ce9823ce38,ae40b5ae9a23cf0e,12,True
Chloroplast,Chloroplast,Chloroplast/cjy-2_002_Chloroplast_3.tif,Chloroplast/cjy-2_012_Chloroplast_4.tif,/Users/jason/Desktop/OrganelleClassifyDataset/train/Chloroplast/cjy-2_002_Chloroplast_3.tif,/Users/jason/Desktop/OrganelleClassifyDataset/test/Chloroplast/cjy-2_012_Chloroplast_4.tif,f1c78fb8b122ae48,f5c78e38a3278629,12,True
Chloroplast,Chloroplast,Chloroplast/LNNA_006_Chloroplast_16.tif,Chloroplast/m-2_004_Chloroplast_5.tif,/Users/jason/Desktop/OrganelleClassifyDataset/train/Chloroplast/LNNA_006_Chloroplast_16.tif,/Users/jason/Desktop/OrganelleClassifyDataset/test/Chloroplast/m-2_004_Chloroplast_5.tif,eb1585f09aea89cc,a8b597d0dacac9c8,12,True
Golgi,Golgi,Golgi/70-WT--18500X--0081_Golgi_1.tif,Golgi/70-WT--18500X--0082_Golgi_1.tif,/Users/jason/Desktop/OrganelleClassifyDataset/train/Golgi/70-WT--18500X--0081_Golgi_1.tif,/Users/jason/Desktop/OrganelleClassifyDataset/test/Golgi/70-WT--18500X--0082_Golgi_1.tif,ef0fc1582bcfc064,ff15c25a2b8fc1a0,12,True
Golgi,Golgi,Golgi/48--9300X--0005_Golgi_1.tif,Golgi/D3--23000X--0016_Golgi_1.tif,/Users/jason/Desktop/OrganelleClassifyDataset/train/Golgi/48--9300X--0005_Golgi_1.tif,/Users/jason/Desktop/OrganelleClassifyDataset/test/Golgi/D3--23000X--0016_Golgi_1.tif,f0a7d699892c6393,f8a69799cc24a395,12,True
Mito,Nucleus,Mito/WT2--23000X--0009_Mito_2.tif,Nucleus/RKO-WT-3--6800X--0005_Nucleus_1.tif,/Users/jason/Desktop/OrganelleClassifyDataset/train/Mito/WT2--23000X--0009_Mito_2.tif,/Users/jason/Desktop/OrganelleClassifyDataset/test/Nucleus/RKO-WT-3--6800X--0005_Nucleus_1.tif,fffbfefc10800009,fffffdf282080001,12,False
Nucleus,Nucleus,Nucleus/kw10-4--6800X--0021_Nucleus_1.tif,Nucleus/kw10-4--6800X--0027_Nucleus_1.tif,/Users/jason/Desktop/OrganelleClassifyDataset/train/Nucleus/kw10-4--6800X--0021_Nucleus_1.tif,/Users/jason/Desktop/OrganelleClassifyDataset/test/Nucleus/kw10-4--6800X--0027_Nucleus_1.tif,9bc53a972b319d30,9ac52b16ae33cd31,12,True
Vesicles,Autosome,Vesicles/#56--23000X--0081_Vesicles_1.tif,Autosome/1--30000X--0009_Autosome_1.tif,/Users/jason/Desktop/OrganelleClassifyDataset/train/Vesicles/#56--23000X--0081_Vesicles_1.tif,/Users/jason/Desktop/OrganelleClassifyDataset/test/Autosome/1--30000X--0009_Autosome_1.tif,c3c674e1c2d6cc99,e3867c3983c4ced1,14,False
Chloroplast,Autosome,Chloroplast/4gill_014_Chloroplast_1.tif,Autosome/10-N--23000X--0059_Autosome_3.tif,/Users/jason/Desktop/OrganelleClassifyDataset/train/Chloroplast/4gill_014_Chloroplast_1.tif,/Users/jason/Desktop/OrganelleClassifyDataset/test/Autosome/10-N--23000X--0059_Autosome_3.tif,b86ac39eac19f330,b06e81962cd373b9,14,False
Chloroplast,Autosome,Chloroplast/2gill_009_Chloroplast_2.tif,Autosome/10-SI--23000X--0019_Autosome_1.tif,/Users/jason/Desktop/OrganelleClassifyDataset/train/Chloroplast/2gill_009_Chloroplast_2.tif,/Users/jason/Desktop/OrganelleClassifyDataset/test/Autosome/10-SI--23000X--0019_Autosome_1.tif,fb408daf9a35d032,fac0c79b9a2d1436,14,False
Chloroplast,Autosome,Chloroplast/zb1_025_Chloroplast_1.tif,Autosome/LC1-3--23000X--0012_Autosome_1.tif,/Users/jason/Desktop/OrganelleClassifyDataset/train/Chloroplast/zb1_025_Chloroplast_1.tif,/Users/jason/Desktop/OrganelleClassifyDataset/test/Autosome/LC1-3--23000X--0012_Autosome_1.tif,fa35c6f090c29bcc,fa2d84d1d246998f,14,False
Mito,Autosome,Mito/WT+LA--30000X--0022_Mito_1.tif,Autosome/ZYZ--49000X--0002_Autosome_4.tif,/Users/jason/Desktop/OrganelleClassifyDataset/train/Mito/WT+LA--30000X--0022_Mito_1.tif,/Users/jason/Desktop/OrganelleClassifyDataset/test/Autosome/ZYZ--49000X--0002_Autosome_4.tif,b808946bd3accead,a040d06bdb3c4dfd,14,False
Golgi,CellWall,Golgi/52-WT--18500X--0134_Golgi_1.tif,CellWall/4gill_010_Cell_Wall_1.tif,/Users/jason/Desktop/OrganelleClassifyDataset/train/Golgi/52-WT--18500X--0134_Golgi_1.tif,/Users/jason/Desktop/OrganelleClassifyDataset/test/CellWall/4gill_010_Cell_Wall_1.tif,ad0296e9cce0a7f1,ad17164989e4e2f3,14,False
Vesicles,CellWall,Vesicles/LA+1170--30000X--0009_Vesicles_1.tif,CellWall/mkb4_013_Cell_Wall_1.tif,/Users/jason/Desktop/OrganelleClassifyDataset/train/Vesicles/LA+1170--30000X--0009_Vesicles_1.tif,/Users/jason/Desktop/OrganelleClassifyDataset/test/CellWall/mkb4_013_Cell_Wall_1.tif,ca3f35d9c21ecb04,ab2ba5dbc6564344,14,False
Chloroplast,Chloroplast,Chloroplast/2.1_015_Chloroplast_1.tif,Chloroplast/1.1_009_Chloroplast_2.tif,/Users/jason/Desktop/OrganelleClassifyDataset/train/Chloroplast/2.1_015_Chloroplast_1.tif,/Users/jason/Desktop/OrganelleClassifyDataset/test/Chloroplast/1.1_009_Chloroplast_2.tif,fa42e459958e662d,fb42c41d9b34652d,14,True
Chloroplast,Chloroplast,Chloroplast/2gill_009_Chloroplast_7.tif,Chloroplast/1.1_009_Chloroplast_2.tif,/Users/jason/Desktop/OrganelleClassifyDataset/train/Chloroplast/2gill_009_Chloroplast_7.tif,/Users/jason/Desktop/OrganelleClassifyDataset/test/Chloroplast/1.1_009_Chloroplast_2.tif,fb66e40d93b40ce4,fb42c41d9b34652d,14,True
Autosome,Chloroplast,Autosome/1--30000X--0008_Autosome_1.tif,Chloroplast/2.1_002_Chloroplast_2.tif,/Users/jason/Desktop/OrganelleClassifyDataset/train/Autosome/1--30000X--0008_Autosome_1.tif,/Users/jason/Desktop/OrganelleClassifyDataset/test/Chloroplast/2.1_002_Chloroplast_2.tif,bda9d0ebcfc98201,bf89d06ac3618667,14,False
Chloroplast,Chloroplast,Chloroplast/M8-1_006_Chloroplast_4.tif,Chloroplast/2.1_002_Chloroplast_2.tif,/Users/jason/Desktop/OrganelleClassifyDataset/train/Chloroplast/M8-1_006_Chloroplast_4.tif,/Users/jason/Desktop/OrganelleClassifyDataset/test/Chloroplast/2.1_002_Chloroplast_2.tif,ff41d058c3738355,bf89d06ac3618667,14,True
Chloroplast,Chloroplast,Chloroplast/309n_009_Chloroplast_8.tif,Chloroplast/2gill_002_Chloroplast_4.tif,/Users/jason/Desktop/OrganelleClassifyDataset/train/Chloroplast/309n_009_Chloroplast_8.tif,/Users/jason/Desktop/OrganelleClassifyDataset/test/Chloroplast/2gill_002_Chloroplast_4.tif,bfb8905a8f493c46,be1e8058cd499cf6,14,True
Mito,Chloroplast,Mito/WT2--23000X--0002_Mito_2.tif,Chloroplast/2gill_005_Chloroplast_3.tif,/Users/jason/Desktop/OrganelleClassifyDataset/train/Mito/WT2--23000X--0002_Mito_2.tif,/Users/jason/Desktop/OrganelleClassifyDataset/test/Chloroplast/2gill_005_Chloroplast_3.tif,bd55504aaa29d567,fd95d07889615547,14,False
Mito,Chloroplast,Mito/Q3--11000X--0008_Mito_2.tif,Chloroplast/6gill_013_Chloroplast_1.tif,/Users/jason/Desktop/OrganelleClassifyDataset/train/Mito/Q3--11000X--0008_Mito_2.tif,/Users/jason/Desktop/OrganelleClassifyDataset/test/Chloroplast/6gill_013_Chloroplast_1.tif,ebe084859f9f9498,aae0c5ad5e92969a,14,False
Chloroplast,Chloroplast,Chloroplast/zb2_022_Chloroplast_2.tif,Chloroplast/LNNA_004_Chloroplast_5.tif,/Users/jason/Desktop/OrganelleClassifyDataset/train/Chloroplast/zb2_022_Chloroplast_2.tif,/Users/jason/Desktop/OrganelleClassifyDataset/test/Chloroplast/LNNA_004_Chloroplast_5.tif,ffc08587d89cd0b1,fad0d587d68c54a8,14,True
Chloroplast,Chloroplast,Chloroplast/M8_014_Chloroplast_1.tif,Chloroplast/M8_014_Chloroplast_2.tif,/Users/jason/Desktop/OrganelleClassifyDataset/train/Chloroplast/M8_014_Chloroplast_1.tif,/Users/jason/Desktop/OrganelleClassifyDataset/test/Chloroplast/M8_014_Chloroplast_2.tif,ea42c50d873d9bb1,ea46d54d960d9d1c,14,True
Chloroplast,Chloroplast,Chloroplast/3gill_007_Chloroplast_1.tif,Chloroplast/M9-1_002_Chloroplast_2.tif,/Users/jason/Desktop/OrganelleClassifyDataset/train/Chloroplast/3gill_007_Chloroplast_1.tif,/Users/jason/Desktop/OrganelleClassifyDataset/test/Chloroplast/M9-1_002_Chloroplast_2.tif,ab4ad0ad9b349d32,eb4af44d83189f70,14,True
Chloroplast,Chloroplast,Chloroplast/M8_014_Chloroplast_1.tif,Chloroplast/M9-1_002_Chloroplast_2.tif,/Users/jason/Desktop/OrganelleClassifyDataset/train/Chloroplast/M8_014_Chloroplast_1.tif,/Users/jason/Desktop/OrganelleClassifyDataset/test/Chloroplast/M9-1_002_Chloroplast_2.tif,ea42c50d873d9bb1,eb4af44d83189f70,14,True
Mito,Chloroplast,Mito/169--68000X--0073_Mito_1.tif,Chloroplast/M9-1_002_Chloroplast_2.tif,/Users/jason/Desktop/OrganelleClassifyDataset/train/Mito/169--68000X--0073_Mito_1.tif,/Users/jason/Desktop/OrganelleClassifyDataset/test/Chloroplast/M9-1_002_Chloroplast_2.tif,fb4bc06d87349e90,eb4af44d83189f70,14,False
Mito,Chloroplast,Mito/M_J83--30000X--0044_Mito_1.tif,Chloroplast/M9-1_002_Chloroplast_2.tif,/Users/jason/Desktop/OrganelleClassifyDataset/train/Mito/M_J83--30000X--0044_Mito_1.tif,/Users/jason/Desktop/OrganelleClassifyDataset/test/Chloroplast/M9-1_002_Chloroplast_2.tif,ab68b408971e9e7c,eb4af44d83189f70,14,False
Vesicles,Chloroplast,Vesicles/169--30000X--0053_Vesicles_1.tif,Chloroplast/M9-1_002_Chloroplast_2.tif,/Users/jason/Desktop/OrganelleClassifyDataset/train/Vesicles/169--30000X--0053_Vesicles_1.tif,/Users/jason/Desktop/OrganelleClassifyDataset/test/Chloroplast/M9-1_002_Chloroplast_2.tif,ad6a34478238df53,eb4af44d83189f70,14,False
Chloroplast,Chloroplast,Chloroplast/LNNA_006_Chloroplast_16.tif,Chloroplast/m-2_004_Chloroplast_1.tif,/Users/jason/Desktop/OrganelleClassifyDataset/train/Chloroplast/LNNA_006_Chloroplast_16.tif,/Users/jason/Desktop/OrganelleClassifyDataset/test/Chloroplast/m-2_004_Chloroplast_1.tif,eb1585f09aea89cc,eb3f85709a2390e6,14,True
Chloroplast,Chloroplast,Chloroplast/M8_014_Chloroplast_4.tif,Chloroplast/m-2_004_Chloroplast_5.tif,/Users/jason/Desktop/OrganelleClassifyDataset/train/Chloroplast/M8_014_Chloroplast_4.tif,/Users/jason/Desktop/OrganelleClassifyDataset/test/Chloroplast/m-2_004_Chloroplast_5.tif,ab95b45ad0c8c9cd,a8b597d0dacac9c8,14,True
Chloroplast,Chloroplast,Chloroplast/zb2_006_Chloroplast_2.tif,Chloroplast/m-2_004_Chloroplast_5.tif,/Users/jason/Desktop/OrganelleClassifyDataset/train/Chloroplast/zb2_006_Chloroplast_2.tif,/Users/jason/Desktop/OrganelleClassifyDataset/test/Chloroplast/m-2_004_Chloroplast_5.tif,aab5d58ad29b8949,a8b597d0dacac9c8,14,True
Chloroplast,Chloroplast,Chloroplast/3gill_010_Chloroplast_1.tif,Chloroplast/swccday neutral_005_Chloroplast_1.tif,/Users/jason/Desktop/OrganelleClassifyDataset/train/Chloroplast/3gill_010_Chloroplast_1.tif,/Users/jason/Desktop/OrganelleClassifyDataset/test/Chloroplast/swccday neutral_005_Chloroplast_1.tif,be37cb69a4422359,bd3fc6c8946223d1,14,True
Chloroplast,Chloroplast,Chloroplast/379n_004_Chloroplast_1.tif,Chloroplast/swccshort day_004_Chloroplast_2.tif,/Users/jason/Desktop/OrganelleClassifyDataset/train/Chloroplast/379n_004_Chloroplast_1.tif,/Users/jason/Desktop/OrganelleClassifyDataset/test/Chloroplast/swccshort day_004_Chloroplast_2.tif,aa9591cacd65d0e6,ab95dac9ecc4c0e2,14,True
Chloroplast,Chloroplast,Chloroplast/6gill_002_Chloroplast_3.tif,Chloroplast/zb1_007_Chloroplast_1.tif,/Users/jason/Desktop/OrganelleClassifyDataset/train/Chloroplast/6gill_002_Chloroplast_3.tif,/Users/jason/Desktop/OrganelleClassifyDataset/test/Chloroplast/zb1_007_Chloroplast_1.tif,bf9f814ac431d2c9,bf9fc0688751caa1,14,True
Chloroplast,Chloroplast,Chloroplast/M8-1_006_Chloroplast_2.tif,Chloroplast/zb1_028_Chloroplast_1.tif,/Users/jason/Desktop/OrganelleClassifyDataset/train/Chloroplast/M8-1_006_Chloroplast_2.tif,/Users/jason/Desktop/OrganelleClassifyDataset/test/Chloroplast/zb1_028_Chloroplast_1.tif,bbb4c44416d35a5b,fba4c44c9b529873,14,True
Golgi,ER,Golgi/43--6800X--0009_Golgi_2.tif,ER/2+--6800X--0011_ER_3.tif,/Users/jason/Desktop/OrganelleClassifyDataset/train/Golgi/43--6800X--0009_Golgi_2.tif,/Users/jason/Desktop/OrganelleClassifyDataset/test/ER/2+--6800X--0011_ER_3.tif,b1e19a1f0790f0e7,b02f1817273af0e7,14,False
Golgi,Golgi,Golgi/#3--6800X--0008_Golgi_1.tif,Golgi/#3--23000X--0057_Golgi_1.tif,/Users/jason/Desktop/OrganelleClassifyDataset/train/Golgi/#3--6800X--0008_Golgi_1.tif,/Users/jason/Desktop/OrganelleClassifyDataset/test/Golgi/#3--23000X--0057_Golgi_1.tif,f31cea6229e13e92,f11cca6a0bc5bc47,14,True
Golgi,Golgi,Golgi/#54--23000X--0075_Golgi_1.tif,Golgi/#54--23000X--0050_Golgi_1.tif,/Users/jason/Desktop/OrganelleClassifyDataset/train/Golgi/#54--23000X--0075_Golgi_1.tif,/Users/jason/Desktop/OrganelleClassifyDataset/test/Golgi/#54--23000X--0050_Golgi_1.tif,eef0c01da92b0779,fce1810da95b2f38,14,True
Chloroplast,Golgi,Chloroplast/6gill_013_Chloroplast_2.tif,Golgi/37--23000X--0002_Golgi_4.tif,/Users/jason/Desktop/OrganelleClassifyDataset/train/Chloroplast/6gill_013_Chloroplast_2.tif,/Users/jason/Desktop/OrganelleClassifyDataset/test/Golgi/37--23000X--0002_Golgi_4.tif,afc892853b70c33e,bfe082057d74d52a,14,False
Golgi,Golgi,Golgi/45--9300X--0004_Golgi_1.tif,Golgi/45--23000X--0011_Golgi_1.tif,/Users/jason/Desktop/OrganelleClassifyDataset/train/Golgi/45--9300X--0004_Golgi_1.tif,/Users/jason/Desktop/OrganelleClassifyDataset/test/Golgi/45--23000X--0011_Golgi_1.tif,f734f4a131354f0c,f234d0a331372c5f,14,True
Chloroplast,Mito,Chloroplast/3gill_007_Chloroplast_5.tif,Mito/R1--49000X--0023_Mito_1.tif,/Users/jason/Desktop/OrganelleClassifyDataset/train/Chloroplast/3gill_007_Chloroplast_5.tif,/Users/jason/Desktop/OrganelleClassifyDataset/test/Mito/R1--49000X--0023_Mito_1.tif,aa4095a7cf96cd98,aa44953e959ed499,14,False
Chloroplast,Mito,Chloroplast/M9-1_002_Chloroplast_1.tif,Mito/R1--49000X--0023_Mito_1.tif,/Users/jason/Desktop/OrganelleClassifyDataset/train/Chloroplast/M9-1_002_Chloroplast_1.tif,/Users/jason/Desktop/OrganelleClassifyDataset/test/Mito/R1--49000X--0023_Mito_1.tif,ab4790bc9fc6c491,aa44953e959ed499,14,False
Mito,Mito,Mito/169--68000X--0077_Mito_1.tif,Mito/WT+LA--30000X--0021_Mito_1.tif,/Users/jason/Desktop/OrganelleClassifyDataset/train/Mito/169--68000X--0077_Mito_1.tif,/Users/jason/Desktop/OrganelleClassifyDataset/test/Mito/WT+LA--30000X--0021_Mito_1.tif,fac0912f9a7cd0f0,facf81149a74d872,14,True
Autosome,Mito,Autosome/4--30000X--0021_Autosome_2.tif,Mito/ZONG_S3_5.27--23000X--0018_Mito_4.tif,/Users/jason/Desktop/OrganelleClassifyDataset/train/Autosome/4--30000X--0021_Autosome_2.tif,/Users/jason/Desktop/OrganelleClassifyDataset/test/Mito/ZONG_S3_5.27--23000X--0018_Mito_4.tif,bd87d24b8b2d8970,b94bd04bcb352936,14,False
Golgi,Nucleus,Golgi/44--23000X--0015_Golgi_2.tif,Nucleus/KW10-3--4800X--0037_Nucleus_2.tif,/Users/jason/Desktop/OrganelleClassifyDataset/train/Golgi/44--23000X--0015_Golgi_2.tif,/Users/jason/Desktop/OrganelleClassifyDataset/test/Nucleus/KW10-3--4800X--0037_Nucleus_2.tif,8a033f1fcf945958,8803771f699c6f98,14,False
ER,Nucleus,ER/3W-CD4-Ctrl3--30000X--0054_ER_1.tif,Nucleus/RKO-WT-3--6800X--0005_Nucleus_1.tif,/Users/jason/Desktop/OrganelleClassifyDataset/train/ER/3W-CD4-Ctrl3--30000X--0054_ER_1.tif,/Users/jason/Desktop/OrganelleClassifyDataset/test/Nucleus/RKO-WT-3--6800X--0005_Nucleus_1.tif,f77fdef8e0b80000,fffffdf282080001,14,False
Chloroplast,Nucleus,Chloroplast/cjy-2_013_Chloroplast_6.tif,Nucleus/kw10-3--6800X--0052_Nucleus_1.tif,/Users/jason/Desktop/OrganelleClassifyDataset/train/Chloroplast/cjy-2_013_Chloroplast_6.tif,/Users/jason/Desktop/OrganelleClassifyDataset/test/Nucleus/kw10-3--6800X--0052_Nucleus_1.tif,c0c18b3ef56d8a6c,c0c0e1fef7b98a24,14,False
Nucleus,Nucleus,Nucleus/kw10-7--6800X--0013_Nucleus_1.tif,Nucleus/kw10-3--6800X--0080_Nucleus_1.tif,/Users/jason/Desktop/OrganelleClassifyDataset/train/Nucleus/kw10-7--6800X--0013_Nucleus_1.tif,/Users/jason/Desktop/OrganelleClassifyDataset/test/Nucleus/kw10-3--6800X--0080_Nucleus_1.tif,bbe4e449ce173834,f9eec4818e1d3839,14,True
Chloroplast,Nucleus,Chloroplast/1.1_008_Chloroplast_9.tif,Nucleus/kw10-4--6800X--0030_Nucleus_1.tif,/Users/jason/Desktop/OrganelleClassifyDataset/train/Chloroplast/1.1_008_Chloroplast_9.tif,/Users/jason/Desktop/OrganelleClassifyDataset/test/Nucleus/kw10-4--6800X--0030_Nucleus_1.tif,eae2d785b49ad20c,afe0b485968adb2c,14,False
Nucleus,Nucleus,Nucleus/kw10-6--6800X--0014_Nucleus_1.tif,Nucleus/kw10-6--6800X--0004_Nucleus_1.tif,/Users/jason/Desktop/OrganelleClassifyDataset/train/Nucleus/kw10-6--6800X--0014_Nucleus_1.tif,/Users/jason/Desktop/OrganelleClassifyDataset/test/Nucleus/kw10-6--6800X--0004_Nucleus_1.tif,97737a5d24d08cd8,93717edcc4c8ccc2,14,True
CellWall,Nucleus,CellWall/essam21_009_Cell_Wall_1.tif,Nucleus/wt-6--13000X--0080_Nucleus_1.tif,/Users/jason/Desktop/OrganelleClassifyDataset/train/CellWall/essam21_009_Cell_Wall_1.tif,/Users/jason/Desktop/OrganelleClassifyDataset/test/Nucleus/wt-6--13000X--0080_Nucleus_1.tif,c2ddbd25ab3aca02,c29ab92fa836cb23,14,False
CellWall,Nucleus,CellWall/zzc4_012_Cell_Wall_2.tif,Nucleus/wt-7--6800X--0077_Nucleus_1.tif,/Users/jason/Desktop/OrganelleClassifyDataset/train/CellWall/zzc4_012_Cell_Wall_2.tif,/Users/jason/Desktop/OrganelleClassifyDataset/test/Nucleus/wt-7--6800X--0077_Nucleus_1.tif,8a2f7717a48ee438,aa2137d4e98ee43a,14,False
Nucleus,Vesicles,Nucleus/kw10-3--6800X--0077_Nucleus_2.tif,Vesicles/1-1shiyan--23000X--0014_Vesicles_1.tif,/Users/jason/Desktop/OrganelleClassifyDataset/train/Nucleus/kw10-3--6800X--0077_Nucleus_2.tif,/Users/jason/Desktop/OrganelleClassifyDataset/test/Vesicles/1-1shiyan--23000X--0014_Vesicles_1.tif,823a2aaba1e3c6bd,922d6aa8a1f186f7,14,False
Vesicles,Vesicles,Vesicles/79-1--11000X--0014_Vesicles_3.tif,Vesicles/169--30000X--0046_Vesicles_1.tif,/Users/jason/Desktop/OrganelleClassifyDataset/train/Vesicles/79-1--11000X--0014_Vesicles_3.tif,/Users/jason/Desktop/OrganelleClassifyDataset/test/Vesicles/169--30000X--0046_Vesicles_1.tif,9a0e65e496cf9a54,9e22659e96679a4c,14,True
Vesicles,Vesicles,Vesicles/#56--23000X--0081_Vesicles_1.tif,Vesicles/169--6800X--0030_Vesicles_1.tif,/Users/jason/Desktop/OrganelleClassifyDataset/train/Vesicles/#56--23000X--0081_Vesicles_1.tif,/Users/jason/Desktop/OrganelleClassifyDataset/test/Vesicles/169--6800X--0030_Vesicles_1.tif,c3c674e1c2d6cc99,8b9225e1f394dc99,14,True
Vesicles,Vesicles,Vesicles/2+--6800X--0011_Vesicles_1.tif,Vesicles/kw3-1--13000X--0135_Vesicles_1.tif,/Users/jason/Desktop/OrganelleClassifyDataset/train/Vesicles/2+--6800X--0011_Vesicles_1.tif,/Users/jason/Desktop/OrganelleClassifyDataset/test/Vesicles/kw3-1--13000X--0135_Vesicles_1.tif,cfc9353ee270c483,cb483c3f52f04ccb,14,True
Autosome,Autosome,Autosome/10-SI--23000X--0038_Autosome_2.tif,Autosome/1--30000X--0006_Autosome_6.tif,/Users/jason/Desktop/OrganelleClassifyDataset/train/Autosome/10-SI--23000X--0038_Autosome_2.tif,/Users/jason/Desktop/OrganelleClassifyDataset/test/Autosome/1--30000X--0006_Autosome_6.tif,fc5688314fcc3c3c,fd50b069cf643a34,16,True
Mito,Autosome,Mito/10-N--23000X--0025_Mito_1.tif,Autosome/1--30000X--0006_Autosome_6.tif,/Users/jason/Desktop/OrganelleClassifyDataset/train/Mito/10-N--23000X--0025_Mito_1.tif,/Users/jason/Desktop/OrganelleClassifyDataset/test/Autosome/1--30000X--0006_Autosome_6.tif,ef40d04d87a4db3c,fd50b069cf643a34,16,False
Chloroplast,Autosome,Chloroplast/M8_014_Chloroplast_1.tif,Autosome/1--30000X--0007_Autosome_2.tif,/Users/jason/Desktop/OrganelleClassifyDataset/train/Chloroplast/M8_014_Chloroplast_1.tif,/Users/jason/Desktop/OrganelleClassifyDataset/test/Autosome/1--30000X--0007_Autosome_2.tif,ea42c50d873d9bb1,b282d18e872dd9e5,16,False
Mito,Autosome,Mito/#3--23000X--0039_Mito_1.tif,Autosome/1--30000X--0007_Autosome_2.tif,/Users/jason/Desktop/OrganelleClassifyDataset/train/Mito/#3--23000X--0039_Mito_1.tif,/Users/jason/Desktop/OrganelleClassifyDataset/test/Autosome/1--30000X--0007_Autosome_2.tif,a3aac1ccc15dd86d,b282d18e872dd9e5,16,False
Mito,Autosome,Mito/R3--49000X--0020_Mito_1.tif,Autosome/1--30000X--0007_Autosome_2.tif,/Users/jason/Desktop/OrganelleClassifyDataset/train/Mito/R3--49000X--0020_Mito_1.tif,/Users/jason/Desktop/OrganelleClassifyDataset/test/Autosome/1--30000X--0007_Autosome_2.tif,aac681ae8f2d4f0d,b282d18e872dd9e5,16,False
Mito,Autosome,Mito/m_j76--30000X--0036_Mito_2.tif,Autosome/1--30000X--0007_Autosome_2.tif,/Users/jason/Desktop/OrganelleClassifyDataset/train/Mito/m_j76--30000X--0036_Mito_2.tif,/Users/jason/Desktop/OrganelleClassifyDataset/test/Autosome/1--30000X--0007_Autosome_2.tif,aba491adc30d5de4,b282d18e872dd9e5,16,False
Vesicles,Autosome,Vesicles/1--18500X--0029_Vesicles_1.tif,Autosome/1--30000X--0010_Autosome_2.tif,/Users/jason/Desktop/OrganelleClassifyDataset/train/Vesicles/1--18500X--0029_Vesicles_1.tif,/Users/jason/Desktop/OrganelleClassifyDataset/test/Autosome/1--30000X--0010_Autosome_2.tif,cd363234cfeb340c,bd3d9030cefb1c09,16,False
Autosome,Autosome,Autosome/1-3-hkf--6800X--0007_Autosome_1.tif,Autosome/1--30000X--0010_Autosome_3.tif,/Users/jason/Desktop/OrganelleClassifyDataset/train/Autosome/1-3-hkf--6800X--0007_Autosome_1.tif,/Users/jason/Desktop/OrganelleClassifyDataset/test/Autosome/1--30000X--0010_Autosome_3.tif,a9c49674d81965eb,b944971ecf31252b,16,True
Autosome,Autosome,Autosome/PG1--98000X--0030_Autosome_1.tif,Autosome/1--30000X--0010_Autosome_3.tif,/Users/jason/Desktop/OrganelleClassifyDataset/train/Autosome/PG1--98000X--0030_Autosome_1.tif,/Users/jason/Desktop/OrganelleClassifyDataset/test/Autosome/1--30000X--0010_Autosome_3.tif,a881951ede246f3b,b944971ecf31252b,16,True
Mito,Autosome,Mito/R3--49000X--0022_Mito_1.tif,Autosome/1-1shiyan--23000X--0014_Autosome_1.tif,/Users/jason/Desktop/OrganelleClassifyDataset/train/Mito/R3--49000X--0022_Mito_1.tif,/Users/jason/Desktop/OrganelleClassifyDataset/test/Autosome/1-1shiyan--23000X--0014_Autosome_1.tif,eaf7c4e18e4198c6,e837c321cc4797c6,16,False
Vesicles,Autosome,Vesicles/1-3-hkf--6800X--0002_Vesicles_1.tif,Autosome/10-N--23000X--0010_Autosome_1.tif,/Users/jason/Desktop/OrganelleClassifyDataset/train/Vesicles/1-3-hkf--6800X--0002_Vesicles_1.tif,/Users/jason/Desktop/OrganelleClassifyDataset/test/Autosome/10-N--23000X--0010_Autosome_1.tif,9a4d65c88fb0bba8,f1cdc5098f708ba9,16,False
Chloroplast,Autosome,Chloroplast/M8-1_006_Chloroplast_3.tif,Autosome/10-N--23000X--0052_Autosome_1.tif,/Users/jason/Desktop/OrganelleClassifyDataset/train/Chloroplast/M8-1_006_Chloroplast_3.tif,/Users/jason/Desktop/OrganelleClassifyDataset/test/Autosome/10-N--23000X--0052_Autosome_1.tif,fd87822c8e05b8f9,fd929848e42db8f8,16,False
Autosome,Autosome,Autosome/ZYZ--49000X--0001_Autosome_1.tif,Autosome/10-N--23000X--0059_Autosome_1.tif,/Users/jason/Desktop/OrganelleClassifyDataset/train/Autosome/ZYZ--49000X--0001_Autosome_1.tif,/Users/jason/Desktop/OrganelleClassifyDataset/test/Autosome/10-N--23000X--0059_Autosome_1.tif,ffd8d0c98dc66604,fd90d242cdcc4e74,16,True
Autosome,Autosome,Autosome/1-1shiyan--6800X--0002_Autosome_1.tif,Autosome/10-SI--23000X--0027_Autosome_2.tif,/Users/jason/Desktop/OrganelleClassifyDataset/train/Autosome/1-1shiyan--6800X--0002_Autosome_1.tif,/Users/jason/Desktop/OrganelleClassifyDataset/test/Autosome/10-SI--23000X--0027_Autosome_2.tif,f981c4d59ab56171,a1f19615fa352571,16,True
Mito,Autosome,Mito/#3--23000X--0039_Mito_1.tif,Autosome/LC1-3--23000X--0010_Autosome_3.tif,/Users/jason/Desktop/OrganelleClassifyDataset/train/Mito/#3--23000X--0039_Mito_1.tif,/Users/jason/Desktop/OrganelleClassifyDataset/test/Autosome/LC1-3--23000X--0010_Autosome_3.tif,a3aac1ccc15dd86d,bfece0c2d04dd02d,16,False
Nucleus,Autosome,Nucleus/kw10-6--6800X--0034_Nucleus_1.tif,Autosome/PG1--98000X--0009_Autosome_1.tif,/Users/jason/Desktop/OrganelleClassifyDataset/train/Nucleus/kw10-6--6800X--0034_Nucleus_1.tif,/Users/jason/Desktop/OrganelleClassifyDataset/test/Autosome/PG1--98000X--0009_Autosome_1.tif,eec0a14f98bed609,ee70818e9cdae529,16,False
Autosome,Autosome,Autosome/PG1--98000X--0018_Autosome_1.tif,Autosome/PG1--98000X--0013_Autosome_1.tif,/Users/jason/Desktop/OrganelleClassifyDataset/train/Autosome/PG1--98000X--0018_Autosome_1.tif,/Users/jason/Desktop/OrganelleClassifyDataset/test/Autosome/PG1--98000X--0013_Autosome_1.tif,e19e98613de732c4,ec9a8e793c613266,16,True
CellWall,Autosome,CellWall/HST-CK_007_Cell_Wall_1.tif,Autosome/RKO-SEP-0--30000X--0011_Autosome_1.tif,/Users/jason/Desktop/OrganelleClassifyDataset/train/CellWall/HST-CK_007_Cell_Wall_1.tif,/Users/jason/Desktop/OrganelleClassifyDataset/test/Autosome/RKO-SEP-0--30000X--0011_Autosome_1.tif,87b0f63f4b54290b,a5fcd6274916611d,16,False
CellWall,CellWall,CellWall/lyn6_007_Cell_Wall_2.tif,CellWall/18-1_002_Cell_Wall_1.tif,/Users/jason/Desktop/OrganelleClassifyDataset/train/CellWall/lyn6_007_Cell_Wall_2.tif,/Users/jason/Desktop/OrganelleClassifyDataset/test/CellWall/18-1_002_Cell_Wall_1.tif,a249e6eccb5a5c0d,aef9c68d8b1a5614,16,True
CellWall,CellWall,CellWall/lyn9_001_Cell_Wall_2.tif,CellWall/4gill_010_Cell_Wall_1.tif,/Users/jason/Desktop/OrganelleClassifyDataset/train/CellWall/lyn9_001_Cell_Wall_2.tif,/Users/jason/Desktop/OrganelleClassifyDataset/test/CellWall/4gill_010_Cell_Wall_1.tif,a419138dace6e2f9,ad17164989e4e2f3,16,True
ER,CellWall,ER/3W-CD4-Ctrl2--13000X--0002_ER_1.tif,CellWall/HST-TREAT_010_Cell_Wall_1.tif,/Users/jason/Desktop/OrganelleClassifyDataset/train/ER/3W-CD4-Ctrl2--13000X--0002_ER_1.tif,/Users/jason/Desktop/OrganelleClassifyDataset/test/CellWall/HST-TREAT_010_Cell_Wall_1.tif,bf5caa56a356a111,dd95aa56a554a94a,16,False
Golgi,CellWall,Golgi/47--30000X--0030_Golgi_2.tif,CellWall/HST-TREAT_013_Cell_Wall_1.tif,/Users/jason/Desktop/OrganelleClassifyDataset/train/Golgi/47--30000X--0030_Golgi_2.tif,/Users/jason/Desktop/OrganelleClassifyDataset/test/CellWall/HST-TREAT_013_Cell_Wall_1.tif,dd21dfd0455939c2,9d38fcc0851d3ba3,16,False
Golgi,CellWall,Golgi/47--9300X--0008_Golgi_1.tif,CellWall/HST-TREAT_016_Cell_Wall_1.tif,/Users/jason/Desktop/OrganelleClassifyDataset/train/Golgi/47--9300X--0008_Golgi_1.tif,/Users/jason/Desktop/OrganelleClassifyDataset/test/CellWall/HST-TREAT_016_Cell_Wall_1.tif,811fe5b5408ebfc8,8b12a5b768a4bf0e,16,False
CellWall,CellWall,CellWall/ech_001_Cell_Wall_1.tif,CellWall/drp1a+_004_Cell_Wall_1.tif,/Users/jason/Desktop/OrganelleClassifyDataset/train/CellWall/ech_001_Cell_Wall_1.tif,/Users/jason/Desktop/OrganelleClassifyDataset/test/CellWall/drp1a+_004_Cell_Wall_1.tif,e168bfde0420d87b,c12ab7fe478011fa,16,True
CellWall,CellWall,CellWall/wht1_004_Cell_Wall_1.tif,CellWall/essam25_003_Cell_Wall_1.tif,/Users/jason/Desktop/OrganelleClassifyDataset/train/CellWall/wht1_004_Cell_Wall_1.tif,/Users/jason/Desktop/OrganelleClassifyDataset/test/CellWall/essam25_003_Cell_Wall_1.tif,bf1ec73689e01a0d,f70ffd1acce00a05,16,True
Chloroplast,CellWall,Chloroplast/zb2_025_Chloroplast_2.tif,CellWall/essam25_003_Cell_Wall_1.tif,/Users/jason/Desktop/OrganelleClassifyDataset/train/Chloroplast/zb2_025_Chloroplast_2.tif,/Users/jason/Desktop/OrganelleClassifyDataset/test/CellWall/essam25_003_Cell_Wall_1.tif,f80ff5788f618825,f70ffd1acce00a05,16,False
Golgi,CellWall,Golgi/ISO-3--30000X--0042_Golgi_2.tif,CellWall/lyn8_009_Cell_Wall_1.tif,/Users/jason/Desktop/OrganelleClassifyDataset/train/Golgi/ISO-3--30000X--0042_Golgi_2.tif,/Users/jason/Desktop/OrganelleClassifyDataset/test/CellWall/lyn8_009_Cell_Wall_1.tif,bca0ce2398cd175b,b8b8c66398ae439d,16,False
Mito,CellWall,Mito/44--23000X--0013_Mito_1.tif,CellWall/mkb4_013_Cell_Wall_1.tif,/Users/jason/Desktop/OrganelleClassifyDataset/train/Mito/44--23000X--0013_Mito_1.tif,/Users/jason/Desktop/OrganelleClassifyDataset/test/CellWall/mkb4_013_Cell_Wall_1.tif,aaa184f3c317cb56,ab2ba5dbc6564344,16,False
CellWall,CellWall,CellWall/mkb7_006_Cell_Wall_2.tif,CellWall/mkb5_001_Cell_Wall_1.tif,/Users/jason/Desktop/OrganelleClassifyDataset/train/CellWall/mkb7_006_Cell_Wall_2.tif,/Users/jason/Desktop/OrganelleClassifyDataset/test/CellWall/mkb5_001_Cell_Wall_1.tif,cb89e433c3e187e2,e119e533c8e136c7,16,True
CellWall,CellWall,CellWall/qm-2_001_Cell_Wall_5.tif,CellWall/mkb5_001_Cell_Wall_1.tif,/Users/jason/Desktop/OrganelleClassifyDataset/train/CellWall/qm-2_001_Cell_Wall_5.tif,/Users/jason/Desktop/OrganelleClassifyDataset/test/CellWall/mkb5_001_Cell_Wall_1.tif,e2717977c8e50685,e119e533c8e136c7,16,True
Golgi,CellWall,Golgi/40--9300X--0002_Golgi_2.tif,CellWall/mkb5_001_Cell_Wall_1.tif,/Users/jason/Desktop/OrganelleClassifyDataset/train/Golgi/40--9300X--0002_Golgi_2.tif,/Users/jason/Desktop/OrganelleClassifyDataset/test/CellWall/mkb5_001_Cell_Wall_1.tif,c11d5f134de129c7,e119e533c8e136c7,16,False
Golgi,CellWall,Golgi/47--30000X--0031_Golgi_3.tif,CellWall/mkb5_001_Cell_Wall_1.tif,/Users/jason/Desktop/OrganelleClassifyDataset/train/Golgi/47--30000X--0031_Golgi_3.tif,/Users/jason/Desktop/OrganelleClassifyDataset/test/CellWall/mkb5_001_Cell_Wall_1.tif,f1589737cc8922cd,e119e533c8e136c7,16,False
ER,CellWall,ER/2+--6800X--0002_ER_3.tif,CellWall/mkb7_008_Cell_Wall_1.tif,/Users/jason/Desktop/OrganelleClassifyDataset/train/ER/2+--6800X--0002_ER_3.tif,/Users/jason/Desktop/OrganelleClassifyDataset/test/CellWall/mkb7_008_Cell_Wall_1.tif,8959bbc68c53b654,8bd989dacb52e454,16,False
Autosome,CellWall,Autosome/ZYZ--49000X--0002_Autosome_5.tif,CellWall/mkb9_001_Cell_Wall_3.tif,/Users/jason/Desktop/OrganelleClassifyDataset/train/Autosome/ZYZ--49000X--0002_Autosome_5.tif,/Users/jason/Desktop/OrganelleClassifyDataset/test/CellWall/mkb9_001_Cell_Wall_3.tif,ef38d0c28a6f1b2c,ebb2d192cbf21a0c,16,False
CellWall,CellWall,CellWall/xsj2_009_Cell_Wall_1.tif,CellWall/qm-2_005_Cell_Wall_1.tif,/Users/jason/Desktop/OrganelleClassifyDataset/train/CellWall/xsj2_009_Cell_Wall_1.tif,/Users/jason/Desktop/OrganelleClassifyDataset/test/CellWall/qm-2_005_Cell_Wall_1.tif,a3b233c40ece9cec,a1b239807f8ab5ea,16,True
Chloroplast,CellWall,Chloroplast/379c_002_Chloroplast_1.tif,CellWall/qm-2_011_Cell_Wall_1.tif,/Users/jason/Desktop/OrganelleClassifyDataset/train/Chloroplast/379c_002_Chloroplast_1.tif,/Users/jason/Desktop/OrganelleClassifyDataset/test/CellWall/qm-2_011_Cell_Wall_1.tif,8f04b0fbd8ccc671,cf17b4f8dc4483a1,16,False
ER,CellWall,ER/2--30000X--0020_ER_1.tif,CellWall/qm1_014_Cell_Wall_3.tif,/Users/jason/Desktop/OrganelleClassifyDataset/train/ER/2--30000X--0020_ER_1.tif,/Users/jason/Desktop/OrganelleClassifyDataset/test/CellWall/qm1_014_Cell_Wall_3.tif,a27a0af693b193e2,e67649f593b01a4a,16,False
Chloroplast,CellWall,Chloroplast/2gill_009_Chloroplast_13.tif,CellWall/qm1_019_Cell_Wall_1.tif,/Users/jason/Desktop/OrganelleClassifyDataset/train/Chloroplast/2gill_009_Chloroplast_13.tif,/Users/jason/Desktop/OrganelleClassifyDataset/test/CellWall/qm1_019_Cell_Wall_1.tif,b61681694eb72d53,d21e91416e7e8f43,16,False
CellWall,CellWall,CellWall/4-llq_002_Cell_Wall_1.tif,CellWall/shd2_011_Cell_Wall_3.tif,/Users/jason/Desktop/OrganelleClassifyDataset/train/CellWall/4-llq_002_Cell_Wall_1.tif,/Users/jason/Desktop/OrganelleClassifyDataset/test/CellWall/shd2_011_Cell_Wall_3.tif,8e63cf1813b6a70d,98c3ce1810f7b7b4,16,True
CellWall,CellWall,CellWall/qm-2_001_Cell_Wall_3.tif,CellWall/tjq-4_006_Cell_Wall_2.tif,/Users/jason/Desktop/OrganelleClassifyDataset/train/CellWall/qm-2_001_Cell_Wall_3.tif,/Users/jason/Desktop/OrganelleClassifyDataset/test/CellWall/tjq-4_006_Cell_Wall_2.tif,ceec9527b21972c1,cccdd926d24c32cd,16,True
Golgi,CellWall,Golgi/47--9300X--0008_Golgi_3.tif,CellWall/wbb-4_008_Cell_Wall_1.tif,/Users/jason/Desktop/OrganelleClassifyDataset/train/Golgi/47--9300X--0008_Golgi_3.tif,/Users/jason/Desktop/OrganelleClassifyDataset/test/CellWall/wbb-4_008_Cell_Wall_1.tif,c9586aa00dcb2ff5,d9d64b8809cd6cf1,16,False
CellWall,CellWall,CellWall/lyn5_008_Cell_Wall_1.tif,CellWall/xsj2_005_Cell_Wall_2.tif,/Users/jason/Desktop/OrganelleClassifyDataset/train/CellWall/lyn5_008_Cell_Wall_1.tif,/Users/jason/Desktop/OrganelleClassifyDataset/test/CellWall/xsj2_005_Cell_Wall_2.tif,b3b3c92c7201dee8,a373983c60871efa,16,True
Vesicles,CellWall,Vesicles/1-3-hkf--6800X--0006_Vesicles_2.tif,CellWall/zzc3_002_Cell_Wall_4.tif,/Users/jason/Desktop/OrganelleClassifyDataset/train/Vesicles/1-3-hkf--6800X--0006_Vesicles_2.tif,/Users/jason/Desktop/OrganelleClassifyDataset/test/CellWall/zzc3_002_Cell_Wall_4.tif,9f007afe216185e7,9581eefe22398c87,16,False
Vesicles,CellWall,Vesicles/1170--30000X--0022_Vesicles_3.tif,CellWall/zzc6_009_Cell_Wall_1.tif,/Users/jason/Desktop/OrganelleClassifyDataset/train/Vesicles/1170--30000X--0022_Vesicles_3.tif,/Users/jason/Desktop/OrganelleClassifyDataset/test/CellWall/zzc6_009_Cell_Wall_1.tif,cf9b307482ca1edc,c69324349fcb2af8,16,False
CellWall,Chloroplast,CellWall/lyn5_001_Cell_Wall_2.tif,Chloroplast/1.1_008_Chloroplast_3.tif,/Users/jason/Desktop/OrganelleClassifyDataset/train/CellWall/lyn5_001_Cell_Wall_2.tif,/Users/jason/Desktop/OrganelleClassifyDataset/test/Chloroplast/1.1_008_Chloroplast_3.tif,e9a4c93d03d83b47,edc8d83b43d03e49,16,False
Autosome,Chloroplast,Autosome/1-1shiyan--6800X--0002_Autosome_1.tif,Chloroplast/1.1_009_Chloroplast_2.tif,/Users/jason/Desktop/OrganelleClassifyDataset/train/Autosome/1-1shiyan--6800X--0002_Autosome_1.tif,/Users/jason/Desktop/OrganelleClassifyDataset/test/Chloroplast/1.1_009_Chloroplast_2.tif,f981c4d59ab56171,fb42c41d9b34652d,16,False
Chloroplast,Chloroplast,Chloroplast/379c_001_Chloroplast_11.tif,Chloroplast/1.1_009_Chloroplast_2.tif,/Users/jason/Desktop/OrganelleClassifyDataset/train/Chloroplast/379c_001_Chloroplast_11.tif,/Users/jason/Desktop/OrganelleClassifyDataset/test/Chloroplast/1.1_009_Chloroplast_2.tif,f7ca803db835ad28,fb42c41d9b34652d,16,True
Mito,Chloroplast,Mito/M_J81--30000X--0031_Mito_1.tif,Chloroplast/1.1_009_Chloroplast_2.tif,/Users/jason/Desktop/OrganelleClassifyDataset/train/Mito/M_J81--30000X--0031_Mito_1.tif,/Users/jason/Desktop/OrganelleClassifyDataset/test/Chloroplast/1.1_009_Chloroplast_2.tif,fdc2947d93206a27,fb42c41d9b34652d,16,False
Mito,Chloroplast,Mito/ZONG_S3_5.27--23000X--0013_Mito_1.tif,Chloroplast/1.1_009_Chloroplast_2.tif,/Users/jason/Desktop/OrganelleClassifyDataset/train/Mito/ZONG_S3_5.27--23000X--0013_Mito_1.tif,/Users/jason/Desktop/OrganelleClassifyDataset/test/Chloroplast/1.1_009_Chloroplast_2.tif,b362c45f8590f51d,fb42c41d9b34652d,16,False
Autosome,Chloroplast,Autosome/10-SI--23000X--0027_Autosome_1.tif,Chloroplast/2.1_002_Chloroplast_2.tif,/Users/jason/Desktop/OrganelleClassifyDataset/train/Autosome/10-SI--23000X--0027_Autosome_1.tif,/Users/jason/Desktop/OrganelleClassifyDataset/test/Chloroplast/2.1_002_Chloroplast_2.tif,ae49d02bc37cc752,bf89d06ac3618667,16,False
CellWall,Chloroplast,CellWall/mkb7_006_Cell_Wall_2.tif,Chloroplast/2.1_002_Chloroplast_2.tif,/Users/jason/Desktop/OrganelleClassifyDataset/train/CellWall/mkb7_006_Cell_Wall_2.tif,/Users/jason/Desktop/OrganelleClassifyDataset/test/Chloroplast/2.1_002_Chloroplast_2.tif,cb89e433c3e187e2,bf89d06ac3618667,16,False
Chloroplast,Chloroplast,Chloroplast/2gill_009_Chloroplast_5.tif,Chloroplast/2.1_002_Chloroplast_2.tif,/Users/jason/Desktop/OrganelleClassifyDataset/train/Chloroplast/2gill_009_Chloroplast_5.tif,/Users/jason/Desktop/OrganelleClassifyDataset/test/Chloroplast/2.1_002_Chloroplast_2.tif,fe2191ccd361cc63,bf89d06ac3618667,16,True
Chloroplast,Chloroplast,Chloroplast/2gill_009_Chloroplast_9.tif,Chloroplast/2.1_002_Chloroplast_2.tif,/Users/jason/Desktop/OrganelleClassifyDataset/train/Chloroplast/2gill_009_Chloroplast_9.tif,/Users/jason/Desktop/OrganelleClassifyDataset/test/Chloroplast/2.1_002_Chloroplast_2.tif,af9590cac7613cc6,bf89d06ac3618667,16,True
Autosome,Chloroplast,Autosome/1-3-hkf--23000X--0016_Autosome_1.tif,Chloroplast/2.1_008_Chloroplast_3.tif,/Users/jason/Desktop/OrganelleClassifyDataset/train/Autosome/1-3-hkf--23000X--0016_Autosome_1.tif,/Users/jason/Desktop/OrganelleClassifyDataset/test/Chloroplast/2.1_008_Chloroplast_3.tif,beb5d5008e07d98d,abb48580da87cbce,16,False
Chloroplast,Chloroplast,Chloroplast/6gill_002_Chloroplast_5.tif,Chloroplast/2.1_008_Chloroplast_3.tif,/Users/jason/Desktop/OrganelleClassifyDataset/train/Chloroplast/6gill_002_Chloroplast_5.tif,/Users/jason/Desktop/OrganelleClassifyDataset/test/Chloroplast/2.1_008_Chloroplast_3.tif,bab4c4e89ec3994c,abb48580da87cbce,16,True
Chloroplast,Chloroplast,Chloroplast/LNNA_006_Chloroplast_16.tif,Chloroplast/2.1_008_Chloroplast_3.tif,/Users/jason/Desktop/OrganelleClassifyDataset/train/Chloroplast/LNNA_006_Chloroplast_16.tif,/Users/jason/Desktop/OrganelleClassifyDataset/test/Chloroplast/2.1_008_Chloroplast_3.tif,eb1585f09aea89cc,abb48580da87cbce,16,True
Chloroplast,Chloroplast,Chloroplast/zb2_006_Chloroplast_2.tif,Chloroplast/2.1_008_Chloroplast_3.tif,/Users/jason/Desktop/OrganelleClassifyDataset/train/Chloroplast/zb2_006_Chloroplast_2.tif,/Users/jason/Desktop/OrganelleClassifyDataset/test/Chloroplast/2.1_008_Chloroplast_3.tif,aab5d58ad29b8949,abb48580da87cbce,16,True
Mito,Chloroplast,Mito/M_J83--30000X--0048_Mito_1.tif,Chloroplast/2.1_008_Chloroplast_3.tif,/Users/jason/Desktop/OrganelleClassifyDataset/train/Mito/M_J83--30000X--0048_Mito_1.tif,/Users/jason/Desktop/OrganelleClassifyDataset/test/Chloroplast/2.1_008_Chloroplast_3.tif,ed74c440ce875ec6,abb48580da87cbce,16,False
Chloroplast,Chloroplast,Chloroplast/LNNA_006_Chloroplast_6.tif,Chloroplast/2gill_002_Chloroplast_4.tif,/Users/jason/Desktop/OrganelleClassifyDataset/train/Chloroplast/LNNA_006_Chloroplast_6.tif,/Users/jason/Desktop/OrganelleClassifyDataset/test/Chloroplast/2gill_002_Chloroplast_4.tif,bab28051876b1cef,be1e8058cd499cf6,16,True
Chloroplast,Chloroplast,Chloroplast/3gill_014_Chloroplast_2.tif,Chloroplast/2gill_005_Chloroplast_3.tif,/Users/jason/Desktop/OrganelleClassifyDataset/train/Chloroplast/3gill_014_Chloroplast_2.tif,/Users/jason/Desktop/OrganelleClassifyDataset/test/Chloroplast/2gill_005_Chloroplast_3.tif,ee55c26a8d65146e,fd95d07889615547,16,True
Chloroplast,Chloroplast,Chloroplast/379n_009_Chloroplast_7.tif,Chloroplast/2gill_009_Chloroplast_8.tif,/Users/jason/Desktop/OrganelleClassifyDataset/train/Chloroplast/379n_009_Chloroplast_7.tif,/Users/jason/Desktop/OrganelleClassifyDataset/test/Chloroplast/2gill_009_Chloroplast_8.tif,fb45e547862c9ab0,fbd0c426839c9eb8,16,True
Chloroplast,Chloroplast,Chloroplast/3gill_007_Chloroplast_2.tif,Chloroplast/2gill_009_Chloroplast_8.tif,/Users/jason/Desktop/OrganelleClassifyDataset/train/Chloroplast/3gill_007_Chloroplast_2.tif,/Users/jason/Desktop/OrganelleClassifyDataset/test/Chloroplast/2gill_009_Chloroplast_8.tif,fa42c02fd23f9a38,fbd0c426839c9eb8,16,True
Chloroplast,Chloroplast,Chloroplast/M8_014_Chloroplast_3.tif,Chloroplast/2gill_009_Chloroplast_8.tif,/Users/jason/Desktop/OrganelleClassifyDataset/train/Chloroplast/M8_014_Chloroplast_3.tif,/Users/jason/Desktop/OrganelleClassifyDataset/test/Chloroplast/2gill_009_Chloroplast_8.tif,ebe1c503c7199e68,fbd0c426839c9eb8,16,True
Chloroplast,Chloroplast,Chloroplast/m-2_004_Chloroplast_11.tif,Chloroplast/2gill_009_Chloroplast_8.tif,/Users/jason/Desktop/OrganelleClassifyDataset/train/Chloroplast/m-2_004_Chloroplast_11.tif,/Users/jason/Desktop/OrganelleClassifyDataset/test/Chloroplast/2gill_009_Chloroplast_8.tif,fbc0c4ce9d9b9230,fbd0c426839c9eb8,16,True
Mito,Chloroplast,Mito/169--68000X--0073_Mito_1.tif,Chloroplast/2gill_009_Chloroplast_8.tif,/Users/jason/Desktop/OrganelleClassifyDataset/train/Mito/169--68000X--0073_Mito_1.tif,/Users/jason/Desktop/OrganelleClassifyDataset/test/Chloroplast/2gill_009_Chloroplast_8.tif,fb4bc06d87349e90,fbd0c426839c9eb8,16,False
Mito,Chloroplast,Mito/M_J81--11000X--0018_Mito_1.tif,Chloroplast/2gill_009_Chloroplast_8.tif,/Users/jason/Desktop/OrganelleClassifyDataset/train/Mito/M_J81--11000X--0018_Mito_1.tif,/Users/jason/Desktop/OrganelleClassifyDataset/test/Chloroplast/2gill_009_Chloroplast_8.tif,ff50e12a863d923c,fbd0c426839c9eb8,16,False
Mito,Chloroplast,Mito/Q3--11000X--0008_Mito_2.tif,Chloroplast/2gill_009_Chloroplast_8.tif,/Users/jason/Desktop/OrganelleClassifyDataset/train/Mito/Q3--11000X--0008_Mito_2.tif,/Users/jason/Desktop/OrganelleClassifyDataset/test/Chloroplast/2gill_009_Chloroplast_8.tif,ebe084859f9f9498,fbd0c426839c9eb8,16,False
Chloroplast,Chloroplast,Chloroplast/4gill_014_Chloroplast_1.tif,Chloroplast/2gill_012_Chloroplast_8.tif,/Users/jason/Desktop/OrganelleClassifyDataset/train/Chloroplast/4gill_014_Chloroplast_1.tif,/Users/jason/Desktop/OrganelleClassifyDataset/test/Chloroplast/2gill_012_Chloroplast_8.tif,b86ac39eac19f330,aa6ac31f8d1a321f,16,True
Mito,Chloroplast,Mito/R3--49000X--0020_Mito_1.tif,Chloroplast/309n_002_Chloroplast_1.tif,/Users/jason/Desktop/OrganelleClassifyDataset/train/Mito/R3--49000X--0020_Mito_1.tif,/Users/jason/Desktop/OrganelleClassifyDataset/test/Chloroplast/309n_002_Chloroplast_1.tif,aac681ae8f2d4f0d,ae40b5ae9a23cf0e,16,False
Chloroplast,Chloroplast,Chloroplast/m-3_004_Chloroplast_8.tif,Chloroplast/309n_009_Chloroplast_6.tif,/Users/jason/Desktop/OrganelleClassifyDataset/train/Chloroplast/m-3_004_Chloroplast_8.tif,/Users/jason/Desktop/OrganelleClassifyDataset/test/Chloroplast/309n_009_Chloroplast_6.tif,faefe0e08382870f,fffac2c08212d51e,16,True
Nucleus,Chloroplast,Nucleus/wt-6--13000X--0089_Nucleus_1.tif,Chloroplast/309n_009_Chloroplast_6.tif,/Users/jason/Desktop/OrganelleClassifyDataset/train/Nucleus/wt-6--13000X--0089_Nucleus_1.tif,/Users/jason/Desktop/OrganelleClassifyDataset/test/Chloroplast/309n_009_Chloroplast_6.tif,fff9628217138c0e,fffac2c08212d51e,16,False
Autosome,Chloroplast,Autosome/2--30000X--0006_Autosome_2.tif,Chloroplast/379c_001_Chloroplast_4.tif,/Users/jason/Desktop/OrganelleClassifyDataset/train/Autosome/2--30000X--0006_Autosome_2.tif,/Users/jason/Desktop/OrganelleClassifyDataset/test/Chloroplast/379c_001_Chloroplast_4.tif,af48d0b5c3941f93,bee890bd9b90d491,16,False
Chloroplast,Chloroplast,Chloroplast/LNNA_004_Chloroplast_6.tif,Chloroplast/379c_001_Chloroplast_4.tif,/Users/jason/Desktop/OrganelleClassifyDataset/train/Chloroplast/LNNA_004_Chloroplast_6.tif,/Users/jason/Desktop/OrganelleClassifyDataset/test/Chloroplast/379c_001_Chloroplast_4.tif,fff090a58393858b,bee890bd9b90d491,16,True
Chloroplast,Chloroplast,Chloroplast/M9-1_002_Chloroplast_1.tif,Chloroplast/379c_001_Chloroplast_4.tif,/Users/jason/Desktop/OrganelleClassifyDataset/train/Chloroplast/M9-1_002_Chloroplast_1.tif,/Users/jason/Desktop/OrganelleClassifyDataset/test/Chloroplast/379c_001_Chloroplast_4.tif,ab4790bc9fc6c491,bee890bd9b90d491,16,True
ER,Chloroplast,ER/3W-CD4-10nmGR1--30000X--0060_ER_1.tif,Chloroplast/379c_001_Chloroplast_4.tif,/Users/jason/Desktop/OrganelleClassifyDataset/train/ER/3W-CD4-10nmGR1--30000X--0060_ER_1.tif,/Users/jason/Desktop/OrganelleClassifyDataset/test/Chloroplast/379c_001_Chloroplast_4.tif,a2a8b3bdad959415,bee890bd9b90d491,16,False
Chloroplast,Chloroplast,Chloroplast/M9-1_005_Chloroplast_1.tif,Chloroplast/379c_001_Chloroplast_5.tif,/Users/jason/Desktop/OrganelleClassifyDataset/train/Chloroplast/M9-1_005_Chloroplast_1.tif,/Users/jason/Desktop/OrganelleClassifyDataset/test/Chloroplast/379c_001_Chloroplast_5.tif,eee8d031cf8ecc18,be6bc035e78c9832,16,True
Vesicles,Chloroplast,Vesicles/79-2--11000X--0011_Vesicles_1.tif,Chloroplast/3gill_002_Chloroplast_3.tif,/Users/jason/Desktop/OrganelleClassifyDataset/train/Vesicles/79-2--11000X--0011_Vesicles_1.tif,/Users/jason/Desktop/OrganelleClassifyDataset/test/Chloroplast/3gill_002_Chloroplast_3.tif,c93c3447d2ceed30,e83097c5d2cbaf50,16,False
CellWall,Chloroplast,CellWall/3gill_011_Cell_Wall_1.tif,Chloroplast/3gill_010_Chloroplast_2.tif,/Users/jason/Desktop/OrganelleClassifyDataset/train/CellWall/3gill_011_Cell_Wall_1.tif,/Users/jason/Desktop/OrganelleClassifyDataset/test/Chloroplast/3gill_010_Chloroplast_2.tif,c902058f9f121f7f,ea0ed10d9f129a5b,16,False
Chloroplast,Chloroplast,Chloroplast/379n_009_Chloroplast_3.tif,Chloroplast/6gill_002_Chloroplast_2.tif,/Users/jason/Desktop/OrganelleClassifyDataset/train/Chloroplast/379n_009_Chloroplast_3.tif,/Users/jason/Desktop/OrganelleClassifyDataset/test/Chloroplast/6gill_002_Chloroplast_2.tif,ea3e8f67914c9249,ea378f42e060b3d9,16,True
Chloroplast,Chloroplast,Chloroplast/3gill_010_Chloroplast_1.tif,Chloroplast/6gill_002_Chloroplast_2.tif,/Users/jason/Desktop/OrganelleClassifyDataset/train/Chloroplast/3gill_010_Chloroplast_1.tif,/Users/jason/Desktop/OrganelleClassifyDataset/test/Chloroplast/6gill_002_Chloroplast_2.tif,be37cb69a4422359,ea378f42e060b3d9,16,True
Chloroplast,Chloroplast,Chloroplast/3gill_007_Chloroplast_5.tif,Chloroplast/6gill_013_Chloroplast_1.tif,/Users/jason/Desktop/OrganelleClassifyDataset/train/Chloroplast/3gill_007_Chloroplast_5.tif,/Users/jason/Desktop/OrganelleClassifyDataset/test/Chloroplast/6gill_013_Chloroplast_1.tif,aa4095a7cf96cd98,aae0c5ad5e92969a,16,True
Nucleus,Chloroplast,Nucleus/wt-7--6800X--0006_Nucleus_1.tif,Chloroplast/6gill_013_Chloroplast_1.tif,/Users/jason/Desktop/OrganelleClassifyDataset/train/Nucleus/wt-7--6800X--0006_Nucleus_1.tif,/Users/jason/Desktop/OrganelleClassifyDataset/test/Chloroplast/6gill_013_Chloroplast_1.tif,bb61d48dda963096,aae0c5ad5e92969a,16,False
Mito,Chloroplast,Mito/M_J81--11000X--0026_Mito_1.tif,Chloroplast/HNNA_001_Chloroplast_7.tif,/Users/jason/Desktop/OrganelleClassifyDataset/train/Mito/M_J81--11000X--0026_Mito_1.tif,/Users/jason/Desktop/OrganelleClassifyDataset/test/Chloroplast/HNNA_001_Chloroplast_7.tif,be41952f5a744935,bf4195131a787b62,16,False
Chloroplast,Chloroplast,Chloroplast/379c_001_Chloroplast_7.tif,Chloroplast/LNNA_004_Chloroplast_17.tif,/Users/jason/Desktop/OrganelleClassifyDataset/train/Chloroplast/379c_001_Chloroplast_7.tif,/Users/jason/Desktop/OrganelleClassifyDataset/test/Chloroplast/LNNA_004_Chloroplast_17.tif,fb95e06496c2996c,bf97e062b7c818c1,16,True
Chloroplast,Chloroplast,Chloroplast/wbb-1_005_Chloroplast_1.tif,Chloroplast/LNNA_004_Chloroplast_17.tif,/Users/jason/Desktop/OrganelleClassifyDataset/train/Chloroplast/wbb-1_005_Chloroplast_1.tif,/Users/jason/Desktop/OrganelleClassifyDataset/test/Chloroplast/LNNA_004_Chloroplast_17.tif,bf1f80129728dbe1,bf97e062b7c818c1,16,True
Golgi,Chloroplast,Golgi/58-WT--18500X--0028_Golgi_1.tif,Chloroplast/LNNA_004_Chloroplast_17.tif,/Users/jason/Desktop/OrganelleClassifyDataset/train/Golgi/58-WT--18500X--0028_Golgi_1.tif,/Users/jason/Desktop/OrganelleClassifyDataset/test/Chloroplast/LNNA_004_Chloroplast_17.tif,b7f4f26290c51ec1,bf97e062b7c818c1,16,False
Autosome,Chloroplast,Autosome/10-N--23000X--0058_Autosome_2.tif,Chloroplast/M8_014_Chloroplast_10.tif,/Users/jason/Desktop/OrganelleClassifyDataset/train/Autosome/10-N--23000X--0058_Autosome_2.tif,/Users/jason/Desktop/OrganelleClassifyDataset/test/Chloroplast/M8_014_Chloroplast_10.tif,bc14c36b4d07327b,fe16c26265e6b078,16,False
Chloroplast,Chloroplast,Chloroplast/2.1_006_Chloroplast_1.tif,Chloroplast/M8_014_Chloroplast_10.tif,/Users/jason/Desktop/OrganelleClassifyDataset/train/Chloroplast/2.1_006_Chloroplast_1.tif,/Users/jason/Desktop/OrganelleClassifyDataset/test/Chloroplast/M8_014_Chloroplast_10.tif,ff87c0608d63b86c,fe16c26265e6b078,16,True
Chloroplast,Chloroplast,Chloroplast/379n_009_Chloroplast_2.tif,Chloroplast/M8_014_Chloroplast_2.tif,/Users/jason/Desktop/OrganelleClassifyDataset/train/Chloroplast/379n_009_Chloroplast_2.tif,/Users/jason/Desktop/OrganelleClassifyDataset/test/Chloroplast/M8_014_Chloroplast_2.tif,e07fc5e8940d9a9c,ea46d54d960d9d1c,16,True
Mito,Chloroplast,Mito/10-N--23000X--0025_Mito_1.tif,Chloroplast/M8_014_Chloroplast_2.tif,/Users/jason/Desktop/OrganelleClassifyDataset/train/Mito/10-N--23000X--0025_Mito_1.tif,/Users/jason/Desktop/OrganelleClassifyDataset/test/Chloroplast/M8_014_Chloroplast_2.tif,ef40d04d87a4db3c,ea46d54d960d9d1c,16,False
Autosome,Chloroplast,Autosome/1--30000X--0006_Autosome_1.tif,Chloroplast/M9-1_002_Chloroplast_2.tif,/Users/jason/Desktop/OrganelleClassifyDataset/train/Autosome/1--30000X--0006_Autosome_1.tif,/Users/jason/Desktop/OrganelleClassifyDataset/test/Chloroplast/M9-1_002_Chloroplast_2.tif,eb7af448c22b8b2c,eb4af44d83189f70,16,False
Chloroplast,Chloroplast,Chloroplast/6gill_006_Chloroplast_2.tif,Chloroplast/M9-1_002_Chloroplast_2.tif,/Users/jason/Desktop/OrganelleClassifyDataset/train/Chloroplast/6gill_006_Chloroplast_2.tif,/Users/jason/Desktop/OrganelleClassifyDataset/test/Chloroplast/M9-1_002_Chloroplast_2.tif,fb42e41d9a348bb1,eb4af44d83189f70,16,True
Mito,Chloroplast,Mito/10-N--23000X--0025_Mito_1.tif,Chloroplast/M9-1_002_Chloroplast_2.tif,/Users/jason/Desktop/OrganelleClassifyDataset/train/Mito/10-N--23000X--0025_Mito_1.tif,/Users/jason/Desktop/OrganelleClassifyDataset/test/Chloroplast/M9-1_002_Chloroplast_2.tif,ef40d04d87a4db3c,eb4af44d83189f70,16,False
Nucleus,Chloroplast,Nucleus/kw10-7--6800X--0045_Nucleus_1.tif,Chloroplast/M9-1_002_Chloroplast_2.tif,/Users/jason/Desktop/OrganelleClassifyDataset/train/Nucleus/kw10-7--6800X--0045_Nucleus_1.tif,/Users/jason/Desktop/OrganelleClassifyDataset/test/Chloroplast/M9-1_002_Chloroplast_2.tif,eb02f44dd092c75b,eb4af44d83189f70,16,False
Chloroplast,Chloroplast,Chloroplast/309n_009_Chloroplast_2.tif,Chloroplast/cjy-2_012_Chloroplast_4.tif,/Users/jason/Desktop/OrganelleClassifyDataset/train/Chloroplast/309n_009_Chloroplast_2.tif,/Users/jason/Desktop/OrganelleClassifyDataset/test/Chloroplast/cjy-2_012_Chloroplast_4.tif,e9875f18c0678739,f5c78e38a3278629,16,True
Mito,Chloroplast,Mito/R3--49000X--0022_Mito_1.tif,Chloroplast/m-2_004_Chloroplast_1.tif,/Users/jason/Desktop/OrganelleClassifyDataset/train/Mito/R3--49000X--0022_Mito_1.tif,/Users/jason/Desktop/OrganelleClassifyDataset/test/Chloroplast/m-2_004_Chloroplast_1.tif,eaf7c4e18e4198c6,eb3f85709a2390e6,16,False
Chloroplast,Chloroplast,Chloroplast/309n_009_Chloroplast_1.tif,Chloroplast/m-2_004_Chloroplast_5.tif,/Users/jason/Desktop/OrganelleClassifyDataset/train/Chloroplast/309n_009_Chloroplast_1.tif,/Users/jason/Desktop/OrganelleClassifyDataset/test/Chloroplast/m-2_004_Chloroplast_5.tif,aa15c1f09ac3e1ed,a8b597d0dacac9c8,16,True
Chloroplast,Chloroplast,Chloroplast/M8-1_003_Chloroplast_2.tif,Chloroplast/m-2_004_Chloroplast_5.tif,/Users/jason/Desktop/OrganelleClassifyDataset/train/Chloroplast/M8-1_003_Chloroplast_2.tif,/Users/jason/Desktop/OrganelleClassifyDataset/test/Chloroplast/m-2_004_Chloroplast_5.tif,aab594c28b68db8b,a8b597d0dacac9c8,16,True
Chloroplast,Chloroplast,Chloroplast/zb1_025_Chloroplast_1.tif,Chloroplast/m-2_004_Chloroplast_5.tif,/Users/jason/Desktop/OrganelleClassifyDataset/train/Chloroplast/zb1_025_Chloroplast_1.tif,/Users/jason/Desktop/OrganelleClassifyDataset/test/Chloroplast/m-2_004_Chloroplast_5.tif,fa35c6f090c29bcc,a8b597d0dacac9c8,16,True
Mito,Chloroplast,Mito/WT+LA--30000X--0026_Mito_1.tif,Chloroplast/m-2_004_Chloroplast_5.tif,/Users/jason/Desktop/OrganelleClassifyDataset/train/Mito/WT+LA--30000X--0026_Mito_1.tif,/Users/jason/Desktop/OrganelleClassifyDataset/test/Chloroplast/m-2_004_Chloroplast_5.tif,ea5795d813ca89c5,a8b597d0dacac9c8,16,False
Mito,Chloroplast,Mito/169--68000X--0081_Mito_1.tif,Chloroplast/m-3_004_Chloroplast_1.tif,/Users/jason/Desktop/OrganelleClassifyDataset/train/Mito/169--68000X--0081_Mito_1.tif,/Users/jason/Desktop/OrganelleClassifyDataset/test/Chloroplast/m-3_004_Chloroplast_1.tif,ff18d00b807973f8,fd55f00ac038db74,16,False
Mito,Chloroplast,Mito/M_J81--11000X--0018_Mito_1.tif,Chloroplast/m-3_004_Chloroplast_1.tif,/Users/jason/Desktop/OrganelleClassifyDataset/train/Mito/M_J81--11000X--0018_Mito_1.tif,/Users/jason/Desktop/OrganelleClassifyDataset/test/Chloroplast/m-3_004_Chloroplast_1.tif,ff50e12a863d923c,fd55f00ac038db74,16,False
Mito,Chloroplast,Mito/R3--49000X--0022_Mito_2.tif,Chloroplast/m-3_004_Chloroplast_1.tif,/Users/jason/Desktop/OrganelleClassifyDataset/train/Mito/R3--49000X--0022_Mito_2.tif,/Users/jason/Desktop/OrganelleClassifyDataset/test/Chloroplast/m-3_004_Chloroplast_1.tif,ad95f000c3fcdd68,fd55f00ac038db74,16,False
Mito,Chloroplast,Mito/WT2--23000X--0002_Mito_2.tif,Chloroplast/m-3_004_Chloroplast_1.tif,/Users/jason/Desktop/OrganelleClassifyDataset/train/Mito/WT2--23000X--0002_Mito_2.tif,/Users/jason/Desktop/OrganelleClassifyDataset/test/Chloroplast/m-3_004_Chloroplast_1.tif,bd55504aaa29d567,fd55f00ac038db74,16,False
Autosome,Chloroplast,Autosome/LA+1170--30000X--0014_Autosome_1.tif,Chloroplast/m-3_004_Chloroplast_2.tif,/Users/jason/Desktop/OrganelleClassifyDataset/train/Autosome/LA+1170--30000X--0014_Autosome_1.tif,/Users/jason/Desktop/OrganelleClassifyDataset/test/Chloroplast/m-3_004_Chloroplast_2.tif,ad99c0c08b87d9af,edf4e0c2c305dd0e,16,False
Mito,Chloroplast,Mito/44--23000X--0010_Mito_1.tif,Chloroplast/m-3_004_Chloroplast_2.tif,/Users/jason/Desktop/OrganelleClassifyDataset/train/Mito/44--23000X--0010_Mito_1.tif,/Users/jason/Desktop/OrganelleClassifyDataset/test/Chloroplast/m-3_004_Chloroplast_2.tif,eda5e116c117ce1a,edf4e0c2c305dd0e,16,False
Mito,Chloroplast,Mito/M_J83--30000X--0048_Mito_1.tif,Chloroplast/m-3_004_Chloroplast_2.tif,/Users/jason/Desktop/OrganelleClassifyDataset/train/Mito/M_J83--30000X--0048_Mito_1.tif,/Users/jason/Desktop/OrganelleClassifyDataset/test/Chloroplast/m-3_004_Chloroplast_2.tif,ed74c440ce875ec6,edf4e0c2c305dd0e,16,False
Chloroplast,Chloroplast,Chloroplast/1.1_008_Chloroplast_1.tif,Chloroplast/m-3_004_Chloroplast_6.tif,/Users/jason/Desktop/OrganelleClassifyDataset/train/Chloroplast/1.1_008_Chloroplast_1.tif,/Users/jason/Desktop/OrganelleClassifyDataset/test/Chloroplast/m-3_004_Chloroplast_6.tif,ff30a0879a378c5a,fff050a34a17a558,16,True
Chloroplast,Chloroplast,Chloroplast/LNNA_004_Chloroplast_6.tif,Chloroplast/m-3_004_Chloroplast_6.tif,/Users/jason/Desktop/OrganelleClassifyDataset/train/Chloroplast/LNNA_004_Chloroplast_6.tif,/Users/jason/Desktop/OrganelleClassifyDataset/test/Chloroplast/m-3_004_Chloroplast_6.tif,fff090a58393858b,fff050a34a17a558,16,True
Nucleus,Chloroplast,Nucleus/wt-7--6800X--0045_Nucleus_1.tif,Chloroplast/m-3_004_Chloroplast_6.tif,/Users/jason/Desktop/OrganelleClassifyDataset/train/Nucleus/wt-7--6800X--0045_Nucleus_1.tif,/Users/jason/Desktop/OrganelleClassifyDataset/test/Chloroplast/m-3_004_Chloroplast_6.tif,ff5043270b37471c,fff050a34a17a558,16,False
Golgi,Chloroplast,Golgi/kw10-4--13000X--0063_Golgi_1.tif,Chloroplast/qm-2_026_Chloroplast_3.tif,/Users/jason/Desktop/OrganelleClassifyDataset/train/Golgi/kw10-4--13000X--0063_Golgi_1.tif,/Users/jason/Desktop/OrganelleClassifyDataset/test/Chloroplast/qm-2_026_Chloroplast_3.tif,e8ab83f2a1d483a7,c829d3c38ddcc167,16,False
Autosome,Chloroplast,Autosome/1-3-hkf--23000X--0015_Autosome_1.tif,Chloroplast/qm-2_028_Chloroplast_2.tif,/Users/jason/Desktop/OrganelleClassifyDataset/train/Autosome/1-3-hkf--23000X--0015_Autosome_1.tif,/Users/jason/Desktop/OrganelleClassifyDataset/test/Chloroplast/qm-2_028_Chloroplast_2.tif,ad7cd2638bcd9c02,fcb0c3538bcc9cc8,16,False
Golgi,Chloroplast,Golgi/47--23000X--0020_Golgi_1.tif,Chloroplast/qm-2_028_Chloroplast_4.tif,/Users/jason/Desktop/OrganelleClassifyDataset/train/Golgi/47--23000X--0020_Golgi_1.tif,/Users/jason/Desktop/OrganelleClassifyDataset/test/Chloroplast/qm-2_028_Chloroplast_4.tif,a8b490cc57e9ae3a,e0b0dbc6536d2633,16,False
Chloroplast,Chloroplast,Chloroplast/swccshort day_006_Chloroplast_2.tif,Chloroplast/swccLong day_007_Chloroplast_1.tif,/Users/jason/Desktop/OrganelleClassifyDataset/train/Chloroplast/swccshort day_006_Chloroplast_2.tif,/Users/jason/Desktop/OrganelleClassifyDataset/test/Chloroplast/swccLong day_007_Chloroplast_1.tif,b0aff4e093e09e89,aaead4e59bd08cc1,16,True
Vesicles,Chloroplast,Vesicles/kw3-1--13000X--0118_Vesicles_1.tif,Chloroplast/swccLong day_007_Chloroplast_1.tif,/Users/jason/Desktop/OrganelleClassifyDataset/train/Vesicles/kw3-1--13000X--0118_Vesicles_1.tif,/Users/jason/Desktop/OrganelleClassifyDataset/test/Chloroplast/swccLong day_007_Chloroplast_1.tif,8aee3485c3e28fd1,aaead4e59bd08cc1,16,False
Chloroplast,Chloroplast,Chloroplast/wanke-1_002_Chloroplast_1.tif,Chloroplast/swccday neutral_005_Chloroplast_1.tif,/Users/jason/Desktop/OrganelleClassifyDataset/train/Chloroplast/wanke-1_002_Chloroplast_1.tif,/Users/jason/Desktop/OrganelleClassifyDataset/test/Chloroplast/swccday neutral_005_Chloroplast_1.tif,be1f8358cc66b251,bd3fc6c8946223d1,16,True
ER,Chloroplast,ER/#3--6800X--0002_ER_1.tif,Chloroplast/swccday neutral_009_Chloroplast_4.tif,/Users/jason/Desktop/OrganelleClassifyDataset/train/ER/#3--6800X--0002_ER_1.tif,/Users/jason/Desktop/OrganelleClassifyDataset/test/Chloroplast/swccday neutral_009_Chloroplast_4.tif,eabfd3081ce39429,caaff0a09cc994cd,16,False
Vesicles,Chloroplast,Vesicles/LA+1170--6800X--0007_Vesicles_8.tif,Chloroplast/swccday neutral_009_Chloroplast_4.tif,/Users/jason/Desktop/OrganelleClassifyDataset/train/Vesicles/LA+1170--6800X--0007_Vesicles_8.tif,/Users/jason/Desktop/OrganelleClassifyDataset/test/Chloroplast/swccday neutral_009_Chloroplast_4.tif,ca5e70a8cbc15ccd,caaff0a09cc994cd,16,False
Golgi,Chloroplast,Golgi/43--9300X--0002_Golgi_2.tif,Chloroplast/swccshort day_004_Chloroplast_2.tif,/Users/jason/Desktop/OrganelleClassifyDataset/train/Golgi/43--9300X--0002_Golgi_2.tif,/Users/jason/Desktop/OrganelleClassifyDataset/test/Chloroplast/swccshort day_004_Chloroplast_2.tif,bb459bc9f0ca68a2,ab95dac9ecc4c0e2,16,False
Chloroplast,Chloroplast,Chloroplast/6gill_002_Chloroplast_7.tif,Chloroplast/wbb-3_001_Chloroplast_2.tif,/Users/jason/Desktop/OrganelleClassifyDataset/train/Chloroplast/6gill_002_Chloroplast_7.tif,/Users/jason/Desktop/OrganelleClassifyDataset/test/Chloroplast/wbb-3_001_Chloroplast_2.tif,ff03811f9a3c9d30,bf0ec01fca9ca83a,16,True
Chloroplast,Chloroplast,Chloroplast/6gill_002_Chloroplast_5.tif,Chloroplast/zb1_005_Chloroplast_3.tif,/Users/jason/Desktop/OrganelleClassifyDataset/train/Chloroplast/6gill_002_Chloroplast_5.tif,/Users/jason/Desktop/OrganelleClassifyDataset/test/Chloroplast/zb1_005_Chloroplast_3.tif,bab4c4e89ec3994c,ba9cd5e04ec78c86,16,True
Chloroplast,Chloroplast,Chloroplast/2.1_008_Chloroplast_2.tif,Chloroplast/zb1_007_Chloroplast_1.tif,/Users/jason/Desktop/OrganelleClassifyDataset/train/Chloroplast/2.1_008_Chloroplast_2.tif,/Users/jason/Desktop/OrganelleClassifyDataset/test/Chloroplast/zb1_007_Chloroplast_1.tif,df8dc86ea53082e9,bf9fc0688751caa1,16,True
Chloroplast,Chloroplast,Chloroplast/M8-1_003_Chloroplast_3.tif,Chloroplast/zb1_007_Chloroplast_1.tif,/Users/jason/Desktop/OrganelleClassifyDataset/train/Chloroplast/M8-1_003_Chloroplast_3.tif,/Users/jason/Desktop/OrganelleClassifyDataset/test/Chloroplast/zb1_007_Chloroplast_1.tif,fe1d94e892c1d8a5,bf9fc0688751caa1,16,True
Chloroplast,Chloroplast,Chloroplast/wbb-1_005_Chloroplast_1.tif,Chloroplast/zb1_007_Chloroplast_1.tif,/Users/jason/Desktop/OrganelleClassifyDataset/train/Chloroplast/wbb-1_005_Chloroplast_1.tif,/Users/jason/Desktop/OrganelleClassifyDataset/test/Chloroplast/zb1_007_Chloroplast_1.tif,bf1f80129728dbe1,bf9fc0688751caa1,16,True
Chloroplast,Chloroplast,Chloroplast/m-2_004_Chloroplast_11.tif,Chloroplast/zb1_028_Chloroplast_1.tif,/Users/jason/Desktop/OrganelleClassifyDataset/train/Chloroplast/m-2_004_Chloroplast_11.tif,/Users/jason/Desktop/OrganelleClassifyDataset/test/Chloroplast/zb1_028_Chloroplast_1.tif,fbc0c4ce9d9b9230,fba4c44c9b529873,16,True
Autosome,ER,Autosome/10-SI--23000X--0026_Autosome_1.tif,ER/2+--30000X--0023_ER_1.tif,/Users/jason/Desktop/OrganelleClassifyDataset/train/Autosome/10-SI--23000X--0026_Autosome_1.tif,/Users/jason/Desktop/OrganelleClassifyDataset/test/ER/2+--30000X--0023_ER_1.tif,eb4a8728dad15a2e,afcf952e9a90423a,16,False
Chloroplast,ER,Chloroplast/5gill_003_Chloroplast_1.tif,ER/3W-CD4-Ctrl2--13000X--0009_ER_1.tif,/Users/jason/Desktop/OrganelleClassifyDataset/train/Chloroplast/5gill_003_Chloroplast_1.tif,/Users/jason/Desktop/OrganelleClassifyDataset/test/ER/3W-CD4-Ctrl2--13000X--0009_ER_1.tif,fed0b027c61b988e,fa5c982d26339d8c,16,False
Nucleus,ER,Nucleus/kw10-6--6800X--0032_Nucleus_1.tif,ER/3W-CD4-Ctrl2--30000X--0071_ER_1.tif,/Users/jason/Desktop/OrganelleClassifyDataset/train/Nucleus/kw10-6--6800X--0032_Nucleus_1.tif,/Users/jason/Desktop/OrganelleClassifyDataset/test/ER/3W-CD4-Ctrl2--30000X--0071_ER_1.tif,aa51bb37c42c923e,a855aa5765a8d6b8,16,False
Mito,ER,Mito/#3--23000X--0083_Mito_1.tif,ER/3W-CD4-Ctrl3--30000X--0073_ER_1.tif,/Users/jason/Desktop/OrganelleClassifyDataset/train/Mito/#3--23000X--0083_Mito_1.tif,/Users/jason/Desktop/OrganelleClassifyDataset/test/ER/3W-CD4-Ctrl3--30000X--0073_ER_1.tif,fa37814c7f0b14b2,f2a7dd4d1f824432,16,False
Golgi,ER,Golgi/5.7W+1--6800X--0010_Golgi_1.tif,ER/52-WT--18500X--0061_ER_1.tif,/Users/jason/Desktop/OrganelleClassifyDataset/train/Golgi/5.7W+1--6800X--0010_Golgi_1.tif,/Users/jason/Desktop/OrganelleClassifyDataset/test/ER/52-WT--18500X--0061_ER_1.tif,bb0fc21c758c30cf,f92fc25c51c2716c,16,False
Golgi,ER,Golgi/#3--6800X--0002_Golgi_1.tif,ER/LA--30000X--0014_ER_2.tif,/Users/jason/Desktop/OrganelleClassifyDataset/train/Golgi/#3--6800X--0002_Golgi_1.tif,/Users/jason/Desktop/OrganelleClassifyDataset/test/ER/LA--30000X--0014_ER_2.tif,e130d718e1d553ba,e132df096156de68,16,False
Nucleus,ER,Nucleus/kw10-4--6800X--0017_Nucleus_1.tif,ER/LA--30000X--0014_ER_2.tif,/Users/jason/Desktop/OrganelleClassifyDataset/train/Nucleus/kw10-4--6800X--0017_Nucleus_1.tif,/Users/jason/Desktop/OrganelleClassifyDataset/test/ER/LA--30000X--0014_ER_2.tif,f722f549c0d4d662,e132df096156de68,16,False
CellWall,ER,CellWall/xsj2_003_Cell_Wall_1.tif,ER/LA--30000X--0052_ER_1.tif,/Users/jason/Desktop/OrganelleClassifyDataset/train/CellWall/xsj2_003_Cell_Wall_1.tif,/Users/jason/Desktop/OrganelleClassifyDataset/test/ER/LA--30000X--0052_ER_1.tif,ba438fe8275cd131,f44b8f702748e93a,16,False
Golgi,ER,Golgi/47--23000X--0013_Golgi_2.tif,ER/LA--6800X--0009_ER_1.tif,/Users/jason/Desktop/OrganelleClassifyDataset/train/Golgi/47--23000X--0013_Golgi_2.tif,/Users/jason/Desktop/OrganelleClassifyDataset/test/ER/LA--6800X--0009_ER_1.tif,846a9cb5a895ceb3,865a99f1ac9d429e,16,False
Golgi,ER,Golgi/D3--23000X--0016_Golgi_2.tif,ER/MUT3--23000X--0018_ER_2.tif,/Users/jason/Desktop/OrganelleClassifyDataset/train/Golgi/D3--23000X--0016_Golgi_2.tif,/Users/jason/Desktop/OrganelleClassifyDataset/test/ER/MUT3--23000X--0018_ER_2.tif,a26ddb670f932944,a86bdab723da094c,16,False
Chloroplast,ER,Chloroplast/M8-1_003_Chloroplast_7.tif,ER/k+1--6800X--0009_ER_3.tif,/Users/jason/Desktop/OrganelleClassifyDataset/train/Chloroplast/M8-1_003_Chloroplast_7.tif,/Users/jason/Desktop/OrganelleClassifyDataset/test/ER/k+1--6800X--0009_ER_3.tif,ff8ae1b1c3858e18,ef9f699340912e98,16,False
Autosome,Golgi,Autosome/1-3-hkf--23000X--0015_Autosome_1.tif,Golgi/#3--23000X--0057_Golgi_1.tif,/Users/jason/Desktop/OrganelleClassifyDataset/train/Autosome/1-3-hkf--23000X--0015_Autosome_1.tif,/Users/jason/Desktop/OrganelleClassifyDataset/test/Golgi/#3--23000X--0057_Golgi_1.tif,ad7cd2638bcd9c02,f11cca6a0bc5bc47,16,False
ER,Golgi,ER/3W-CD4-10nm_GR-1--30000X--0049_ER_1.tif,Golgi/#3--23000X--0058_Golgi_1.tif,/Users/jason/Desktop/OrganelleClassifyDataset/train/ER/3W-CD4-10nm_GR-1--30000X--0049_ER_1.tif,/Users/jason/Desktop/OrganelleClassifyDataset/test/Golgi/#3--23000X--0058_Golgi_1.tif,9a9fcee330582dc2,b09b9fe13030fcc6,16,False
CellWall,Golgi,CellWall/qm1_017_Cell_Wall_1.tif,Golgi/#3--23000X--0061_Golgi_1.tif,/Users/jason/Desktop/OrganelleClassifyDataset/train/CellWall/qm1_017_Cell_Wall_1.tif,/Users/jason/Desktop/OrganelleClassifyDataset/test/Golgi/#3--23000X--0061_Golgi_1.tif,dc3e9e4d2e12592c,f85c5e693c32382e,16,False
Autosome,Golgi,Autosome/1--30000X--0010_Autosome_5.tif,Golgi/#3-CHMP4B-NC--9300X--0050_Golgi_1.tif,/Users/jason/Desktop/OrganelleClassifyDataset/train/Autosome/1--30000X--0010_Autosome_5.tif,/Users/jason/Desktop/OrganelleClassifyDataset/test/Golgi/#3-CHMP4B-NC--9300X--0050_Golgi_1.tif,e77091864778eb4a,ae709d04e3bcea0e,16,False
Chloroplast,Golgi,Chloroplast/LNA1_004_Chloroplast_1.tif,Golgi/#54--23000X--0050_Golgi_1.tif,/Users/jason/Desktop/OrganelleClassifyDataset/train/Chloroplast/LNA1_004_Chloroplast_1.tif,/Users/jason/Desktop/OrganelleClassifyDataset/test/Golgi/#54--23000X--0050_Golgi_1.tif,ecc1c08f8db98eb8,fce1810da95b2f38,16,False
